1,0.004995004995004995,0.0004999500049995,4.999950000499996e-05
101,0.4586739327883742,0.04999504999505,0.00504490464630723
201,0.8368026644462947,0.09851975296539556,0.01002984002155667
301,1.156802459646426,0.146102320163091,0.01500483544530962
401,1.43112062812277,0.1927699259686569,0.01996992061832053
501,1.668887408394404,0.2385487096467003,0.0249251251231331
601,1.876951905059338,0.2834638241675314,0.02987047842466775
701,2.060552616108172,0.3275394822913746,0.03480600987080565
801,2.22376457523598,0.370799000092584,0.03973174869296932
901,2.369805365597054,0.4132648380882488,0.04464772400669964
1001,2.501249375312344,0.4549586401236251,0.04955396481222958
1101,2.620180866254165,0.4959012701558418,0.05445049999505445
1201,2.728305315765561,0.5361128470672262,0.05933735832649875
1301,2.82703172533681,0.5756127776302982,0.06421456846427973
1401,2.917534360683049,0.6144197877379177,0.06908215895306752
1501,3.000799680127949,0.6525519520041735,0.07394015822504212
1601,3.077662437524029,0.6900267218343247,0.07878859460044685
1701,3.148833765272121,0.7268609520553798,0.08362749628813876
1801,3.214923241699393,0.7630709261926956,0.08845689138613569
1901,3.276456394346777,0.7986723804722293,0.09327680788216013
2001,3.333888703765411,0.8336805266227815,0.09808727365417985
2101,3.387616897774912,0.8681100735476408,0.1028883164709454
2201,3.437988128709778,0.9019752479304975,0.1076799639925245
2301,3.485307482581036,0.9352898138362735,0.1124622437708331
2401,3.529844163481329,0.9680670913635997,0.1172351832501636
2501,3.571836618109112,1.000319974402048,0.1219988097677096
2601,3.611496806442655,1.032060947543846,0.1267531505540881
2701,3.649013780059444,1.063302102196677,0.1314982327338585
2801,3.68455669560642,1.094055151941255,0.1362340833260377
2901,3.718277364778262,1.124331447174638,0.1409607292446138
3001,3.750312421894527,1.154141989077763,0.1456781972990553
3101,3.78078517434772,1.183497442943287,0.1503865141948187
3201,3.80980718876458,1.212408150897659,0.1550857065338514
3301,3.837479655893978,1.240884144049319,0.1597758008150937
3401,3.863894569416042,1.268935154092978,0.1644568234349765
3501,3.889135747611641,1.296570624398193,0.1691288006879161
3601,3.913279721799609,1.323799720608779,0.1737917587668073
3701,3.936396511380557,1.350631340778045,0.1784457237635124
3801,3.958550302020412,1.377074125063401,0.1830907216693481
3901,3.979800040807998,1.403136465002518,0.187726778375569
4001,4.000199960007999,1.428826512391972,0.1923539196738493
4101,4.019800039207999,1.4541521877881,0.1969721712567603
4201,4.038646414151125,1.479121188648687,0.2015815587182465
4301,4.056781739294473,1.503740997133068,0.2061821075540982
4401,4.074245510090724,1.528018887577252,0.2107738431624218
4501,4.09107435011816,1.551961933659748,0.2153567908441067
4601,4.107302267452241,1.575577015272926,0.2199309758032906
4701,4.122960884055429,1.598870825113938,0.224496423147821
4801,4.138079641441131,1.621849875008445,0.2290531578897148
4901,4.152685985426199,1.644520501979733,0.2336012049456154
5001,4.166805532411265,1.666888874075062,0.2381405891372463
5101,4.180462219308311,1.688960995960532,0.242671335191863
5201,4.193678438961458,1.710742714295112,0.2471934677427021
5301,4.206475162672591,1.732239722893929,0.2517070113294271
5401,4.218872051241994,1.75345756769041,0.2562119903985731
5501,4.230887555760653,1.774401651506354,0.2607084293039876
5601,4.242539009241025,1.795077238638549,0.2651963523072698
5701,4.253842710043277,1.81548945927011,0.2696757835782064
5801,4.264813997941479,1.835643313714322,0.2741467471952061
5901,4.275467323576294,1.855543676498334,0.2786092671457304
6001,4.285816311955434,1.875195300293732,0.2830633673267233
6101,4.29587382058865,1.89460281970064,0.2875090715450373
6201,4.305651992778781,1.913770754891673,0.2919464035178577
6301,4.315162306533352,1.932703515121772,0.2963753868731244
6401,4.324415619510876,1.951405402109627,0.3007960451499516
6501,4.333422210371951,1.969880613296164,0.3052084017990441
6601,4.342191816866202,1.988133244985242,0.3096124801831127
6701,4.350733670951825,2.006167295371534,0.3140083035772861
6801,4.359056531213946,2.02398666746027,0.3183958951695209
6901,4.367168712821162,2.041595171883321,0.3227752780610097
7001,4.375078115235596,2.058996529615905,0.3271464752665862
7101,4.382792247870634,2.076194374597977,0.3315095097151287
7201,4.390318253871479,2.093192256264171,0.3358644042499603
7301,4.397662932176846,2.109993641986013,0.3402111816292486
7401,4.404832758005,2.126601919429918,0.3445498645264011
7501,4.411833901893894,2.143020398834353,0.3488804755304602
7601,4.418672247413092,2.159252315209363,0.3532030371464949
7701,4.425353407654293,2.175300830461556,0.3575175717959908
7801,4.43188274059766,2.191169035447447,0.3618241018172373
7901,4.438265363442309,2.206859951957991,0.3661226494657139
8001,4.444506165981558,2.222376534636965,0.370413236914473
8101,4.450609823096363,2.237721672835755,0.3746958862545213
8201,4.456580806434084,2.252898192407011,0.3789706194951987
8301,4.462423395333835,2.267908857439484,0.3832374585645562
8401,4.468141687054569,2.282756371936308,0.3874964253097296
8501,4.473739606357226,2.297443381438841,0.3917475414973134
8601,4.479220914488074,2.31197247459814,0.395990828813731
8701,4.484589217606432,2.326346184696006,0.4002263088656038
8801,4.48984797469646,2.340566991117494,0.4044540031801178
8901,4.495000504999495,2.354637320776678,0.4086739332053884
9001,4.5000499950005,2.368559549497395,0.4128861203108228
9101,4.504999504999505,2.38233600335061,0.4170905857874813
9201,4.50985197529654,2.395968959950002,0.4212873508484354
9301,4.514610232016309,2.409460649707269,0.425476436629125
9401,4.519276992596866,2.422813257048606,0.4296578641877131
9501,4.523854870964669,2.436028921593764,0.4338316545054383
9601,4.528346382416753,2.449109739299015,0.4379978284869663
9701,4.532753948229137,2.462057763565301,0.4421564069607387
9801,4.537079900009259,2.474875006312812,0.4463074106793199
9901,4.541326483808825,2.487563439023165,0.4504508603197424
10001,4.545495864012363,2.500124993750312,0.4545867764838502
10101,4.549590127015584,2.512561564101288,0.4587151796986404
10201,4.553611284706723,2.524875006187812,0.4628360904166024
10301,4.55756127776303,2.537067139549776,0.4669495290160561
10401,4.561441978773792,2.549139748051566,0.4710555158014873
10501,4.565255195200417,2.561094580752159,0.4751540710038824
10601,4.569002672183433,2.572933352749867,0.4792452147810599
10701,4.572686095205539,2.584657746002609,0.4833289672180016
10801,4.576307092619269,2.596269410124513,0.4874053483271812
10901,4.579867238047223,2.607769963159657,0.4914743780488905
11001,4.583368052662278,2.619160992333698,0.4955360762515653
11101,4.586811007354764,2.630444054784133,0.4995904627321086
11201,4.59019752479305,2.641620678269893,0.5036375572162121
11301,4.593528981383627,2.652692361860946,0.507677379358676
11401,4.59680670913636,2.66366057660857,0.5117099487437275
11501,4.600031997440205,2.674526766196921,0.5157352848853374
11601,4.603206094754385,2.685292347576501,0.5197534072275338
11701,4.606330210219668,2.695958711580111,0.5237643351447167
11801,4.609405515194125,2.706527223521857,0.5277680879419684
11901,4.612433144717464,2.716999223779736,0.5317646848553632
12001,4.615414198907776,2.727376028362347,0.5357541450522764
12101,4.618349744294329,2.737658929460205,0.5397364876316892
12201,4.621240815089766,2.747849195982162,0.5437117316244954
12301,4.624088414404932,2.757948074077396,0.5476798959938024
12401,4.626893515409297,2.767956787643409,0.5516409996352346
12501,4.629657062439819,2.777876538820497,0.5555950613772322
12601,4.632379972060877,2.787708508473076,0.5595420999813501
12701,4.635063134077805,2.797453856658297,0.5634821341425542
12801,4.63770741250634,2.807113723082321,0.5674151824895169
12901,4.640313646500252,2.816689227544649,0.5713412635849107
13001,4.642882651239198,2.826181470370853,0.5752603959256998
13101,4.64541521877881,2.835591532834076,0.5791725979434311
13201,4.647912118864869,2.844920477565622,0.583077888004523
13301,4.650374099713307,2.85416934895498,0.5869762844105524
13401,4.652801888757725,2.863339173539592,0.5908678053985414
13501,4.655196193365975,2.872430960384664,0.594752469141241
13601,4.657557701527293,2.881445701453329,0.5986302937474142
13701,4.659887082511394,2.890384371967428,0.6025012972621173
13801,4.662184987500845,2.899247930759212,0.6063654976669801
13901,4.664452050197973,2.9080373206142,0.6102229128804839
14001,4.666688887407506,2.916753468605475,0.614073560758239
14101,4.668896099596053,2.925397286419651,0.6179174590932595
14201,4.671074271429511,2.933969670674765,0.6217546256162381
14301,4.673223972289393,2.942471503230319,0.6255850779958181
14401,4.675345756769041,2.950903651489693,0.629408833838865
14501,4.677440165150635,2.959266968695155,0.6332259106907363
14601,4.679507723863855,2.967562294215682,0.6370363260355494
14701,4.681548945927011,2.97579045382778,0.640840097296449
14801,4.683564331371432,2.983952259989517,0.6446372418358726
14901,4.685554367649834,2.992048512107948,0.6484277769558142
15001,4.687519530029373,3.000079996800128,0.6522117198980879
15101,4.689460281970064,3.008047488147882,0.6559890878445886
15201,4.691377075489168,3.01595174794651,0.6597598979175529
15301,4.693270351512177,3.023793525947591,0.6635241671798163
15401,4.695140540210962,3.031573560096059,0.6672819126350725
15501,4.696988061329616,3.039292576761696,0.6710331512281278
15601,4.698813324498524,3.046951290965197,0.674777899845157
15701,4.700616729537153,3.054550406598965,0.6785161753139558
15801,4.702398666746027,3.062090616642766,0.6822479944041935
15901,4.704159517188332,3.069572603374387,0.6859733738276632
16001,4.70589965296159,3.076997038575439,0.6896923302385325
16101,4.707619437459797,3.084364583732424,0.6934048802335897
16201,4.709319225626417,3.091675890233197,0.6971110403524927
16301,4.710999364198601,3.098931599558952,0.7008108270780131
16401,4.712660191942992,3.106132343471838,0.7045042568362815
16501,4.714302039883435,3.113278744198333,0.70819134599703
16601,4.715925231520936,3.120371414608473,0.7118721108738347
16701,4.717530083046156,3.127410958391072,0.7155465677243554
16801,4.719116903544744,3.134397970224991,0.7192147327505758
16901,4.720685995195799,3.141333035946619,0.7228766220990411
17001,4.722237653463697,3.148216732713603,0.7265322518610952
17101,4.723772167283576,3.155049629164975,0.7301816380731163
17201,4.725289819240701,3.161832285577736,0.7338247967167516
17301,4.726790885743949,3.168565254019999,0.7374617437191499
17401,4.728275637193631,3.175249078500785,0.7410924949531945
17501,4.729744338143885,3.181884295116541,0.7447170662377343
17601,4.731197247459814,3.188471432194486,0.7483354733378117
17701,4.732634618469601,3.195011010432836,0.7519477319648942
17801,4.73405669911175,3.20150354303802,0.7555538577770987
17901,4.735463732077668,3.20794953585893,0.7591538663794201
18001,4.73685595494974,3.214349487518303,0.7627477733239549
18101,4.738233600335061,3.220703889541298,0.766335594110126
18201,4.739596895995001,3.22701322648133,0.7699173441849054
18301,4.740946064970727,3.23327797604325,0.7734930389430351
18401,4.742281325704861,3.239498609203901,0.7770626937272489
18501,4.743602892159377,3.245675590330164,0.780626323828491
18601,4.744910973929902,3.2518093772945,0.7841839444861342
18701,4.74620577635653,3.257900421588098,0.7877355708881981
18801,4.747487500631281,3.263949168431652,0.7912812181715643
18901,4.748756343902317,3.269956056883845,0.7948209014221916
19001,4.750012499375032,3.275921519947588,0.7983546356753304
19101,4.751256156410129,3.281845984674066,0.8018824359157353
19201,4.752487500618781,3.287729872264649,0.8054043170778769
19301,4.753706713954978,3.293573598170711,0.8089202940461522
19401,4.754913974805157,3.299377572191422,0.812430381655095
19501,4.756109458075215,3.30514219856954,0.8159345946895842
19601,4.757293335274987,3.310867876085267,0.8194329478850511
19701,4.758465774600261,3.316554998148211,0.8229254559276865
19801,4.759626941012451,3.322203952887487,0.8264121334546457
19901,4.760776996315966,3.327815123240025,0.8298929950542532
20001,4.761916099233369,3.333388887037099,0.8333680552662061
20101,4.763044405478413,3.338925617089133,0.8368373285817771
20201,4.764162067826989,3.344425681268832,0.8403008294440146
20301,4.765269236186095,3.349889442592654,0.8437585722479447
20401,4.766366057660857,3.355317259300681,0.8472105713407696
20501,4.767452676619692,3.36070948493492,0.8506568410220662
20601,4.768529234757651,3.366066468416065,0.8540973955439839
20701,4.769595871158011,3.371388554118758,0.8575322491114407
20801,4.770652722352185,3.376676081945391,0.8609614158823188
20901,4.771699922377974,3.381929387398466,0.8643849099676595
21001,4.772737602836234,3.387148801651559,0.867802745431856
21101,4.77376589294602,3.392334651618919,0.8712149362928465
21201,4.774784919598217,3.397487260023717,0.8746214965223059
21301,4.775794807407739,3.402606945465001,0.8780224400458364
21401,4.776795678764341,3.40769402248336,0.8814177807431569
21501,4.77778765388205,3.412748801625345,0.8848075324482927
21601,4.778770850847308,3.417771589506661,0.888191708949762
21701,4.779745385665829,3.422762688874168,0.8915703239907642
21801,4.780711372308232,3.427722398666709,0.8949433912693656
21901,4.781668922754465,3.432651014074794,0.8983109244386839
22001,4.782618147037086,3.437548826599169,0.901672937107073
22101,4.783559153283408,3.442416124108283,0.905029442838306
22201,4.784492047756562,3.447253190894693,0.9083804551517581
22301,4.785416934895498,3.452060307730411,0.9117259875225878
22401,4.786333917353959,3.456837751921237,0.9150660533819168
22501,4.787243096038466,3.461585797360081,0.9184006661170113
22601,4.788144570145333,3.466304714579307,0.9217298390714594
22701,4.789038437196742,3.470994770802116,0.9250535855453501
22801,4.789924793075921,3.475656229992988,0.9283719187954496
22901,4.79080373206142,3.480289352907207,0.9316848520353781
23001,4.791675346860548,3.484894397139481,0.9349923984357851
23101,4.792539728641965,3.489471617171687,0.9382945711245237
23201,4.793396967067476,3.494021264419747,0.9415913831868248
23301,4.794247150323033,3.498543587279661,0.944882847665469
23401,4.79509036514897,3.50303883117272,0.9481689775609597
23501,4.795926696869516,3.507507238589893,0.9514497858316937
23601,4.796756229421568,3.511949049135442,0.9547252853941312
23701,4.797579045382778,3.516364499569746,0.9579954891229658
23801,4.798395225998951,3.520753823851365,0.9612604098512936
23901,4.799204851210795,3.525117253178372,0.9645200603707799
24001,4.800007999680012,3.52945501602894,0.9677744534318272
24101,4.800804748814788,3.533767338201226,0.971023601743741
24201,4.801595174794651,3.538054442852548,0.9742675179748955
24301,4.802379352594759,3.542316550537885,0.9775062147528981
24401,4.803157356009605,3.546553879247696,0.9807397046647536
24501,4.803929257676169,3.550766644445089,0.983968000257026
24601,4.80469512909652,3.554955059102338,0.9871911140360029
24701,4.805455040659897,3.55911933373678,0.9904090584678551
24801,4.806209061664276,3.563259676446079,0.9936218459787982
24901,4.806957260337439,3.567376292942895,0.9968294889552526
25001,4.807699703857544,3.571469386588955,1.000031999744002
25101,4.808436458373243,3.575539158428534,1.003229390652353
25201,4.809167589023319,3.579585807221386,1.006421673948291
25301,4.809893159955895,3.583609529475086,1.00960886186064
25401,4.810613234347183,3.587610519476851,1.012790966579214
25501,4.811327874419834,3.591588969324808,1.015968000254978
25601,4.812037141460848,3.595545068958737,1.019139975000199
25701,4.812741095839107,3.599479006190303,1.022306902888601
25801,4.813439797022499,3.603390966732773,1.025468795955517
25901,4.814133303594662,3.607281134230244,1.028625666198044
26001,4.814821673271361,3.611149690286381,1.031777525575194
26101,4.815504962916497,3.614996814492673,1.034924386008041
26201,4.816183228557774,3.618822684456231,1.038066259379878
26301,4.816856525402001,3.622627475827112,1.041203157536362
26401,4.817524907850078,3.626411362325211,1.044335092285662
26501,4.818188429511654,3.630174515766691,1.047462075398613
26601,4.818847143219449,3.633917106089998,1.050584118608858
26701,4.819501101043284,3.637639301381434,1.053701233612994
26801,4.820150354303802,3.641341267900329,1.056813432070725
26901,4.820794953585893,3.645023170103791,1.059920725604999
27001,4.821434948751831,3.648685170671063,1.063023125802159
27101,4.82207038895413,3.652327430527479,1.066120644212083
27201,4.822701322648133,3.655950108868042,1.069213292348331
27301,4.823327797604325,3.659553363180612,1.072301081688282
27401,4.82394986092039,3.663137349268736,1.075384023673283
27501,4.824567559033016,3.666702221274099,1.078462129708787
27601,4.82518093772945,3.670248131698625,1.081535411164489
27701,4.825790042158809,3.673775231426222,1.084603879374476
27801,4.826394916843165,3.677283669744187,1.087667545637358
27901,4.826995605688385,3.680773594364265,1.09072642121641
28001,4.827592151994759,3.684245151443383,1.093780517339708
28101,4.828184598467407,3.687698485604052,1.096829845200272
28201,4.828772987226465,3.691133739954451,1.099874415956194
28301,4.829357359817071,3.694551056108196,1.102914240730781
28401,4.829937757219142,3.697950574203797,1.10594933061269
28501,4.830514219856954,3.70133243292382,1.108979696656057
28601,4.831086787608527,3.704696769513744,1.112005349880639
28701,4.831655499814821,3.708043719800522,1.11502630127194
28801,4.832220395288749,3.711373418210871,1.118042561781353
28901,4.832781512324003,3.71468599778926,1.121054142326281
29001,4.83333888870371,3.717981590215635,1.124061053790281
29101,4.833892561708914,3.721260325822869,1.127063307023183
29201,4.834442568126883,3.724522333613938,1.130060912841232
29301,4.834988944259266,3.727767741278848,1.133053882027208
29401,4.835531725930068,3.730996675211289,1.136042225330562
29501,4.836070948493492,3.73420926052505,1.139025953467541
29601,4.836606646841607,3.737405621070175,1.142005077121318
29701,4.837138855411876,3.740585879448881,1.144979606942121
29801,4.837667608194539,3.74375015703123,1.147949553547353
29901,4.838192938739846,3.746898573970578,1.150914927521728
30001,4.838714880165156,3.750031249218769,1.153875739417389
30101,4.839233465161891,3.753148300541134,1.156831999754037
30201,4.839748726002372,3.75624984453123,1.159783719019055
30301,4.8402606945465,3.759335996625394,1.162730907667631
30401,4.840769402248336,3.762406871117052,1.165673576122882
30501,4.841274880162534,3.765462581170835,1.168611734775979
30601,4.841777158950666,3.768503238836482,1.171545393986264
30701,4.842276268887416,3.771528955062529,1.174474564081377
30801,4.842772239866671,3.774539839709811,1.177399255357375
30901,4.843265101407479,3.777536001564754,1.180319478078854
31001,4.843754882659917,3.78051754835248,1.183235242479065
31101,4.844241612410828,3.783484586749714,1.18614655876004
31201,4.844725319089469,3.786437222397514,1.189053437092705
31301,4.845206030773041,3.789375559913803,1.191955887617002
31401,4.845683775192124,3.792299702905727,1.194853920442006
31501,4.846158579736008,3.795209753981832,1.197747545646041
31601,4.846630471457931,3.798105814764068,1.200636773276799
31701,4.847099477080212,3.800987985899619,1.203521613351455
31801,4.847565622999299,3.803856367072558,1.206402075856784
31901,4.848028935290721,3.806711057015346,1.209278170749274
32001,4.848489439713949,3.809552153520154,1.212149907955243
32101,4.848947161717168,3.812379753450037,1.215017297370951
32201,4.849402126441975,3.815193952749935,1.217880348862717
32301,4.849854358727966,3.81799484645753,1.220739072267027
32401,4.850303883117272,3.820782528713945,1.223593477390654
32501,4.850750723858989,3.823557092774288,1.226443574010762
32601,4.851194904913545,3.826318631018051,1.229289371875024
32701,4.851636449956975,3.829067234959369,1.232130880701728
32801,4.852075382385136,3.83180299525712,1.234968110179893
32901,4.852511725317838,3.834526001724901,1.237801069969376
33001,4.852945501602894,3.837236343340853,1.24062976970098
33101,4.853376733820123,3.839934108257349,1.243454218976567
33201,4.853805444285254,3.84261938381056,1.246274427369164
33301,4.854231655053789,3.845292256529873,1.249090404423073
33401,4.85465538792477,3.847952812147186,1.251902159653976
33501,4.855076664444509,3.850601135606078,1.254709702549044
33601,4.855495505910234,3.853237311070847,1.257513042567047
33701,4.855911933373678,3.855861421935425,1.260312189138451
33801,4.856325967644608,3.858473550832173,1.263107151665533
33901,4.856737629294289,3.861073779640555,1.265897939522483
34001,4.857146938658896,3.863662189495694,1.268684562055507
34101,4.857553915842853,3.866238860796807,1.271467028582934
34201,4.857958580722139,3.868803873215538,1.274245348395318
34301,4.858360952947509,3.87135730570416,1.277019530755541
34401,4.858761051947685,3.873899236503682,1.279789584898922
34501,4.859158896932481,3.876429743151839,1.282555520033308
34601,4.859554506895874,3.878948902490976,1.285317345339188
34701,4.85994790061903,3.881456790675824,1.288075069969785
34801,4.860339096673277,3.883953483181179,1.290828703051164
34901,4.860728113423025,3.88643905480947,1.29357825368233
35001,4.861114969028638,3.888913579698229,1.296323730935327
35101,4.861499681449267,3.891377131327465,1.299065143855338
35201,4.861882268445623,3.893829782526935,1.301802501460788
35301,4.862262747582712,3.896271605483323,1.304535812743439
35401,4.862641136232521,3.898702671747318,1.307265086668489
35501,4.863017451576669,3.90112305224061,1.30999033217467
35601,4.863391710608999,3.903532817262779,1.31271155817435
35701,4.863763930138144,3.905932036498107,1.315428773553622
35801,4.864134126790033,3.908320779022292,1.318141987172407
35901,4.864502317010379,3.910699113309079,1.320851207864548
36001,4.864868517067106,3.913067107236799,1.323556444437909
36101,4.865232743052748,3.915424828094835,1.326257705674462
36201,4.865595010886804,3.917772342589987,1.328955000330394
36301,4.865955336318061,3.920109716852767,1.331648337136191
36401,4.866313734926874,3.922437016443611,1.334337724796739
36501,4.86667022212741,3.924754306359003,1.337023171991414
36601,4.867024813169863,3.927061651037531,1.339704687374177
36701,4.867377523142622,3.92935911436586,1.342382279573668
36801,4.867728366974418,3.931646759684622,1.345055957193295
36901,4.868077359436426,3.933924649794247,1.347725728811331
37001,4.868424515144339,3.936192846960703,1.350391602981
37101,4.868769848560405,3.938451412921169,1.353053588230575
37201,4.869113373995445,3.940700408889642,1.355711693063462
37301,4.869455105610819,3.942939895562461,1.358365925958296
37401,4.869795057420379,3.945169933123774,1.361016295369029
37501,4.870133243292382,3.947390581250921,1.36366280972502
37601,4.870469676951375,3.949601899119766,1.366305477431123
37701,4.870804371980052,3.951803945409949,1.368944306867779
37801,4.871137341821087,3.953996778310077,1.3715793063911
37901,4.871468599778926,3.956180455522849,1.374210484332964
38001,4.871798159021564,3.95835503427012,1.376837849001094
38101,4.872126032582287,3.960520571297894,1.379461408679155
38201,4.872452233361394,3.962677122881268,1.382081171626833
38301,4.872776774127885,3.9648247448293,1.384697146079927
38401,4.873099667521129,3.966963492489825,1.387309340250432
38501,4.873420926052505,3.969093420754211,1.389917762326626
38601,4.873740562107018,3.971214584062056,1.392522420473157
38701,4.874058587944888,3.973327036405823,1.395123322831126
38801,4.874375015703123,3.975430831335424,1.397720477518174
38901,4.874689857397057,3.977526021962741,1.400313892628563
39001,4.875003124921877,3.979612660966103,1.402903576233264
39101,4.875314830054113,3.981690800594693,1.40548953638004
39201,4.875624984453123,3.983760492672913,1.408071781093527
39301,4.875933599662539,3.985821788604694,1.410650318375317
39401,4.876240687111705,3.987874739377745,1.413225156204044
39501,4.876546258117084,3.989919395567767,1.415796302535466
39601,4.876850323883648,3.991955807342594,1.418363765302541
39701,4.877152895506253,3.993984024466308,1.420927552415516
39801,4.877453983970981,3.996004096303287,1.423487671762005
39901,4.877753600156475,3.998016071822208,1.426044131207068
40001,4.878051754835248,4.000019999600008,1.428596938593296
40101,4.878348458674972,4.002015927825791,1.431146101740887
40201,4.878643722239752,4.004003904304695,1.433691628447729
40301,4.878937555991381,4.0059839764617,1.436233526489476
40401,4.879229970290573,4.00795619134541,1.438771803619632
40501,4.879520975398183,4.00992059563177,1.441306467569626
40601,4.879810581476407,4.011877235627754,1.44383752604889
40701,4.880098798589962,4.013826157275004,1.446364986744941
40801,4.880385636707255,4.015767406153422,1.448888857323456
40901,4.880671105701534,4.017701027484725,1.45140914542835
41001,4.880955215352015,4.019627066135958,1.453925858681853
41101,4.881237975345003,4.021545566622962,1.456439004684588
41201,4.881519395274994,4.023456573113807,1.458948591015644
41301,4.881799484645753,4.025360129432175,1.461454625232659
41401,4.882078252871395,4.027256279060719,1.463957114871889
41501,4.882355709277429,4.029145065144366,1.466456067448286
41601,4.882631863101805,4.031026530493595,1.468951490455576
41701,4.882906723495937,4.032900717587667,1.471443391366328
41801,4.883180299525712,4.034767668577826,1.473931777632034
41901,4.88345260017249,4.036627425290456,1.47641665668318
42001,4.883723634334086,4.038480029230207,1.478898035929324
42101,4.883993410825735,4.040325521583079,1.481375922759164
42201,4.884261938381056,4.042163943219478,1.483850324540615
42301,4.884529225652987,4.043995334697233,1.486321248620881
42401,4.884795281214719,4.045819736264575,1.488788702326529
42501,4.885060113560607,4.047637187863089,1.491252692963558
42601,4.885323731107085,4.049447729130625,1.493713227817477
42701,4.885586142193542,4.051251399404186,1.49617031415337
42801,4.885847355083217,4.053048237722771,1.498623959215972
42901,4.886107377964056,4.054838282830192,1.501074170229739
43001,4.886366218949569,4.056621573177864,1.50352095439892
43101,4.886623886079681,4.058398146927553,1.505964318907625
43201,4.886880387321554,4.060168041954099,1.508404270919896
43301,4.887135730570416,4.061931295848108,1.51084081757978
43401,4.887389923650368,4.063687945918616,1.513273966011395
43501,4.887642974315184,4.065438029195716,1.515703723319001
43601,4.887894890249098,4.067181582433164,1.518130096587071
43701,4.888145679067582,4.068918642110948,1.520553092880356
43801,4.888395348318118,4.070649244437836,1.522972719243955
43901,4.888643905480947,4.07237342535389,1.525388982703386
44001,4.888891357969823,4.074091220532953,1.527801890264651
44101,4.889137713132746,4.075802665385114,1.530211448914303
44201,4.889382978252693,4.077507795059131,1.532617665619517
44301,4.889627160548332,4.079206644444854,1.535020547328154
44401,4.889870267174732,4.080899248175585,1.53742010096883
44501,4.89011230522406,4.082585640630447,1.53981633345098
44601,4.890353281726278,4.084265855936705,1.542209251664926
44701,4.890593203649811,4.085939927972067,1.544598862481946
44801,4.890832077902229,4.087607890366964,1.546985172754332
44901,4.891069911330908,4.089269776506804,1.549368189315464
45001,4.89130671072368,4.090925619534191,1.551747918979869
45101,4.891542482809483,4.092575452351137,1.554124368543291
45201,4.891777234258999,4.094219307621239,1.556497544782749
45301,4.892010971685277,4.09585721777183,1.558867454456611
45401,4.892243701644361,4.097489214996119,1.561234104304647
45501,4.8924754306359,4.099115331255293,1.563597501048103
45601,4.892706165103753,4.100735598280607,1.565957651389757
45701,4.892935911436586,4.102350047575448,1.568314562013988
45801,4.893164675968462,4.103958710417376,1.570668239586834
45901,4.893392464979424,4.105561617860146,1.573018690756061
46001,4.89361928469607,4.107158800735701,1.575365922151218
46101,4.893845141292116,4.108750289656156,1.577709940383707
46201,4.894070040888964,4.110336115015746,1.58005075204684
46301,4.894293989556246,4.111916306992772,1.582388363715901
46401,4.894516993312378,4.113490895551497,1.584722781948211
46501,4.894739058125092,4.115059910444063,1.587054013283186
46601,4.894960189911977,4.116623381212346,1.589382064242399
46701,4.895180394540995,4.11818133718982,1.591706941329643
46801,4.895399677831008,4.119733807503389,1.594028651030988
46901,4.895618045552285,4.1212808210752,1.596347199814841
47001,4.895835503427012,4.122822406624445,1.598662594132013
47101,4.89605205712979,4.12435859266913,1.600974840415769
47201,4.896267712288127,4.12588940752784,1.603283945081895
47301,4.89648247448293,4.127414879321478,1.605589914528754
47401,4.896696349248982,4.128935035974983,1.607892755137347
47501,4.896909342075421,4.13044990521904,1.610192473271368
47601,4.897121458406206,4.13195951459176,1.612489075277268
47701,4.897332703640583,4.133463891440357,1.614782567484309
47801,4.897543083133542,4.134963062922787,1.617072956204626
47901,4.897752602196274,4.136457056009395,1.619360247733281
48001,4.89796126609661,4.137945897484526,1.621644448348322
48101,4.898169080059469,4.139429613948124,1.623925564310842
48201,4.898376049267291,4.140908231817323,1.626203601865035
48301,4.89858217886047,4.142381777328005,1.628478567238252
48401,4.898787473937775,4.143850276536361,1.63075046664106
48501,4.898991939556777,4.145313755320422,1.633019306267298
48601,4.89919558073426,4.146772239381581,1.63528509229413
48701,4.89939840244663,4.148225754246095,1.637547830882106
48801,4.899600409630328,4.149674325266577,1.639807528175214
48901,4.899801607182221,4.151117977623469,1.642064190300938
49001,4.900001999960001,4.152556736326503,1.644317823370313
49101,4.900201592782579,4.153990626216139,1.646568433477978
49201,4.90040039043047,4.155419671965,1.648816026702234
49301,4.90059839764617,4.15684389807929,1.651060609105096
49401,4.900795619134541,4.158263328900187,1.653302186732351
49501,4.900992059563177,4.159677988605234,1.655540765613608
49601,4.901187723562775,4.161087901209712,1.657776351762354
49701,4.9013826157275,4.162493090567997,1.660008951176011
49801,4.901576740615342,4.16389358037491,1.662238569835982
49901,4.901770102748473,4.165289394167042,1.664465213707714
50001,4.901962706613595,4.166680555324078,1.666688888740742
50101,4.902154556662296,4.168067087070098,1.668909600868749
50201,4.902345657311381,4.169449012474876,1.671127356009614
50301,4.902536012943218,4.17082635445515,1.673342160065469
50401,4.902725627906072,4.172199135775897,1.675554018922747
50501,4.902914506514437,4.173567379051586,1.677762938452236
50601,4.903102653049359,4.174931106747414,1.679968924509133
50701,4.903290071758767,4.176290341180541,1.682171982933093
50801,4.903476766857783,4.177645104521307,1.684372119548279
50901,4.903662742529046,4.178995418794437,1.686569340163419
51001,4.903848002923021,4.180341305880232,1.688763650571851
51101,4.904032552158307,4.181682787515753,1.690955056551578
51201,4.904216394321948,4.183019885295992,1.693143563865318
51301,4.904399533469723,4.18435262067503,1.695329178260554
51401,4.904581973626457,4.185681014967183,1.697511905469581
51501,4.904763718786309,4.187005089348141,1.699691751209563
51601,4.904944772913062,4.18832486485609,1.701868721182578
51701,4.905125139940418,4.189640362392829,1.704042821075669
51801,4.905304823772277,4.190951602724875,1.706214056560892
51901,4.905483828283019,4.192258606484548,1.70838243329537
52001,4.905662157317787,4.193561394171062,1.710547956921336
52101,4.905839814692755,4.194859986151592,1.712710633066186
52201,4.90601680419541,4.196154402662336,1.714870467342527
52301,4.906193129584811,4.19744466380957,1.717027465348225
52401,4.906368794591861,4.19873078957068,1.719181632666452
52501,4.906543802919572,4.200012799795203,1.721332974865739
52601,4.906718158243316,4.201290714205843,1.723481497500017
52701,4.906891864211095,4.202564552399483,1.72562720610867
52801,4.907064924443784,4.203834333848187,1.727770106216582
52901,4.907237342535389,4.205100077900193,1.729910203334184
53001,4.907409122053295,4.206361803780893,1.732047502957497
53101,4.907580266538512,4.20761953059381,1.734182010568187
53201,4.907750779505913,4.208873277321562,1.736313731633605
53301,4.907920664444486,4.210123062826812,1.738442671606839
53401,4.908089924817559,4.21136890585322,1.740568835926754
53501,4.908258564063045,4.212610825026378,1.742692230018046
53601,4.90842658559367,4.213848838854735,1.744812859291281
53701,4.908593992797207,4.215082965730522,1.746930729142946
53801,4.908760789036696,4.216313223930659,1.749045844955494
53901,4.908926977650681,4.217539631617658,1.751158212097387
54001,4.909092561953419,4.218762206840518,1.753267835923143
54101,4.909257545235114,4.219980967535609,1.755374721773382
54201,4.909421930762124,4.221195931527546,1.75747887497487
54301,4.909585721777184,4.22240711653007,1.759580300840565
54401,4.909748921499612,4.223614540146892,1.761679004669659
54501,4.90991153312553,4.22481821987256,1.763774991747626
54601,4.91007355982806,4.226018173093296,1.765868267346266
54701,4.910235004757545,4.227214417087835,1.767958836723744
54801,4.910395871041738,4.228406969028256,1.770046705124644
54901,4.910556161786015,4.229595845980802,1.772131877780001
55001,4.91071588007357,4.230781064906694,1.774214359907355
55101,4.910875028965616,4.231962642662939,1.776294156710788
55201,4.911033611501574,4.233140596003128,1.778371273380971
55301,4.911191630699277,4.23431494157823,1.780445715095202
55401,4.911349089555149,4.235485695937371,1.782517487017458
55501,4.911505991044407,4.236652875528618,1.784586594298429
55601,4.911662338121235,4.237816496699746,1.786653042075565
55701,4.911818133718982,4.238976575699,1.788716835473118
55801,4.911973380750339,4.240133128675856,1.790777979602185
55901,4.91212808210752,4.241286171681765,1.792836479560747
56001,4.912282240662444,4.242435720670899,1.794892340433715
56101,4.912435859266913,4.243581791500885,1.79694556729297
56201,4.912588940752784,4.244724399933536,1.798996165197406
56301,4.912741487932148,4.245863561635571,1.801044139192967
56401,4.912893503597498,4.246999292179335,1.803089494312696
56501,4.913044990521904,4.248131607043503,1.80513223557677
56601,4.913195951459176,4.24926052161379,1.807172367992542
56701,4.913346389144035,4.25038605118364,1.809209896554585
56801,4.913496306292279,4.251508210954926,1.811244826244731
56901,4.91364570560094,4.252627016038624,1.81327716203211
57001,4.913794589748452,4.253742481455501,1.815306908873192
57101,4.913942961394813,4.254854622136779,1.817334071711829
57201,4.914090823181732,4.255963452924807,1.819358655479291
57301,4.9142381777328,4.257068988573721,1.82138066509431
57401,4.914385027653636,4.258171243750093,1.823400105463117
57501,4.914531375532042,4.259270233033584,1.825416981479483
57601,4.914677223938158,4.26036597091759,1.827431298024759
57701,4.914822575424609,4.26145847180987,1.829443059967914
57801,4.914967432526658,4.262547750033185,1.831452272165576
57901,4.915111797762347,4.263633819825923,1.833458939462068
58001,4.91525567363265,4.264716695342716,1.835463066689451
58101,4.915399062621614,4.265796390655057,1.83746465866756
58201,4.9155419671965,4.26687291975191,1.839463720204044
58301,4.915684389807929,4.267946296540314,1.841460256094402
58401,4.915826332890019,4.269016534845981,1.843454271122026
58501,4.915967798860523,4.270083648413891,1.845445770058233
58601,4.916108790120971,4.271147650908879,1.84743475766231
58701,4.9162493090568,4.272208555916216,1.849421238681546
58801,4.916389358037491,4.273266376942196,1.851405217851273
58901,4.916528939416704,4.274321127414696,1.853386699894903
59001,4.916668055532408,4.275372820683758,1.855365689523965
59101,4.91680670870701,4.276421470022141,1.857342191438143
59201,4.916944901247487,4.277467088625887,1.859316210325312
59301,4.917082635445515,4.278509689614868,1.861287750861577
59401,4.91721991357759,4.279549286033342,1.863256817711307
59501,4.917356737905159,4.280585890850491,1.865223415527175
59601,4.917493110674742,4.281619516960963,1.867187548950195
59701,4.917629034118054,4.282650177185406,1.869149222609752
59801,4.91776451045213,4.283677884270999,1.871108441123648
59901,4.917899541879444,4.284702650891975,1.873065209098129
60001,4.918034130588024,4.285724489650148,1.875019531127931
60101,4.918168278751575,4.28674341307542,1.876971411796303
60201,4.918301988529599,4.287759433626301,1.878920855675058
60301,4.918435262067503,4.288772563690417,1.880867867324596
60401,4.918568101496718,4.289782815585006,1.882812451293945
60501,4.918700508934814,4.290790201557424,1.884754612120797
60601,4.918832486485609,4.291794733785641,1.886694354331542
60701,4.918964036239283,4.292796424378722,1.888631682441304
60801,4.919095160272487,4.293795285377326,1.890566600953974
60901,4.919225860648455,4.294791328754179,1.892499114362248
61001,4.919356139417106,4.295784566414557,1.894429227147658
61101,4.919485998615159,4.296775010196762,1.89635694378061
61201,4.919615440266234,4.297762671872586,1.898282268720417
61301,4.919744466380957,4.298747563147781,1.900205206415335
61401,4.919873078957068,4.299729695662526,1.902125761302594
61501,4.92000127997952,4.300709080991874,1.904043937808435
61601,4.920129071420584,4.30168573064622,1.905959740348142
61701,4.920256455239949,4.302659656071742,1.907873173326077
61801,4.920383433384819,4.303630868650854,1.909784241135716
61901,4.920510007790019,4.304599379702647,1.911692948159678
62001,4.920636180378089,4.305565200483326,1.913599298769761
62101,4.920761953059381,4.306528342186654,1.915503297326975
62201,4.920887327732157,4.307488815944377,1.917404948181577
62301,4.921012306282681,4.308446632826655,1.919304255673101
62401,4.921136890585322,4.309401803842489,1.921201224130393
62501,4.921261082502638,4.310354339940139,1.923095857871644
62601,4.921384883885473,4.311304252007548,1.924988161204421
62701,4.921508296573053,4.312251550872753,1.926878138425701
62801,4.921631322393066,4.313196247304295,1.928765793821905
62901,4.921753963161766,4.314138352011632,1.930651131668928
63001,4.921876220684052,4.31507787564554,1.932534156232171
63101,4.921998096753561,4.316014828798512,1.934414871766574
63201,4.922119593152755,4.316949222005164,1.936293282516651
63301,4.922240711653007,4.317881065742623,1.938169392716517
63401,4.922361454014689,4.318810370430921,1.940043206589923
63501,4.922481821987256,4.319737146433382,1.941914728350285
63601,4.92260181730933,4.32066140405701,1.94378396220072
63701,4.922721441708783,4.321583153552869,1.945650912334073
63801,4.922840696902825,4.322502405116461,1.947515582932949
63901,4.92295958459808,4.323419168888107,1.949377978169749
64001,4.923078106490669,4.324333454953312,1.951238102206694
64101,4.923196264266294,4.32524527334314,1.953095959195861
64201,4.923314059600313,4.326154634034582,1.954951553279213
64301,4.923431494157823,4.327061546950916,1.956804888588627
64401,4.923548569593737,4.32796602196207,1.958655969245929
64501,4.923665287552862,4.328868068884981,1.960504799362922
64601,4.923781649669975,4.329767697483947,1.962351383041415
64701,4.9238976575699,4.330664917470984,1.964195724373258
64801,4.924013312867586,4.33155973850617,1.966037827440368
64901,4.924128617168177,4.332452170197994,1.967877696314758
65001,4.924243572067089,4.333342222103705,1.969715335058575
65101,4.924358179150088,4.334229903729644,1.97155074772412
65201,4.924472439993353,4.335115224531589,1.973383938353884
65301,4.924586356163557,4.335998193915088,1.975214910980575
65401,4.924699929217933,4.336878821235793,1.977043669627149
65501,4.924813160704351,4.337757115799791,1.978870218306838
65601,4.924926052161379,4.338633086863931,1.980694561023182
65701,4.925038605118364,4.339506743636147,1.982516701770056
65801,4.925150821095492,4.340378095275788,1.984336644531698
65901,4.925262701603862,4.341247150893928,1.986154393282741
66001,4.92537424814555,4.34211391955369,1.987969951988241
66101,4.925485462213678,4.342978410270561,1.989783324603705
66201,4.92559634529248,4.343840632012704,1.99159451507512
66301,4.925706898857372,4.344700593701262,1.993403527338982
66401,4.925817124375009,4.345558304210678,1.995210365322324
66501,4.925927023303359,4.346413772368988,1.997015032942745
66601,4.926036597091759,4.347267006958134,1.998817534108439
66701,4.926145847180987,4.348118016714254,2.00061787271822
66801,4.926254775003319,4.34896681032799,2.002416052661555
66901,4.926363381982592,4.349813396444779,2.004212077818587
67001,4.926471669534271,4.350657783665147,2.006005952060167
67101,4.926579639065506,4.351499980544999,2.00779767924788
67201,4.926687291975191,4.352339995595912,2.009587263234072
67301,4.926794629654031,4.353177837285417,2.011374707861878
67401,4.926901653484598,4.354013514037287,2.013160016965251
67501,4.927008364841389,4.354847034231816,2.014943194368989
67601,4.927114765090888,4.355678406206105,2.016724243888759
67701,4.927220855591622,4.356507638254334,2.018503169331131
67801,4.927326637694219,4.357334738628039,2.020279974493596
67901,4.927432112741469,4.358159715536386,2.022054663164603
68001,4.927537282068376,4.358982577146447,2.023827239123577
68101,4.927642147002214,4.359803331583462,2.025597706140951
68201,4.927746708862589,4.360621986931114,2.027366067978193
68301,4.927850968961486,4.361438551231785,2.029132328387829
68401,4.927954928603334,4.36225303248683,2.030896491113473
68501,4.928058589085049,4.363065438656832,2.032658559889852
68601,4.928161951696096,4.363875777661862,2.034418538442833
68701,4.928265017718541,4.364684057381735,2.036176430489446
68801,4.9283677884271,4.365490285656273,2.037932239737916
68901,4.928470265089198,4.366294470285547,2.039685969887686
69001,4.928572448965014,4.367096619030139,2.04143762462944
69101,4.928674341307541,4.367896739611383,2.043187207645135
69201,4.92877594336263,4.36869483971162,2.044934722608022
69301,4.928877256369042,4.369490926974439,2.046680173182675
69401,4.9289782815585,4.370285009004925,2.048423563025012
69501,4.929079020155743,4.371077093369895,2.050164895782326
69601,4.929179473378563,4.371867187598146,2.051904175093307
69701,4.929279642437872,4.372655299180687,2.05364140458807
69801,4.929379528537733,4.373441435570983,2.055376587888175
69901,4.929479132875418,4.374225604185179,2.057109728606659
70001,4.929578456641456,4.375007812402345,2.058840830348057
70101,4.929677501019676,4.3757880675647,2.060569896708426
70201,4.929776267187258,4.376566376977843,2.062296931275375
70301,4.929874756314778,4.377342747910985,2.064021937628082
70401,4.929972969566252,4.378117187597169,2.065744919337328
70501,4.930070908099188,4.3788897032335,2.067465879965514
70601,4.930168573064623,4.379660301981366,2.069184823066688
70701,4.930265965607174,4.380428990966655,2.070901752186572
70801,4.930363086865086,4.381195777279984,2.072616670862583
70901,4.930459937970265,4.381960667976911,2.074329582623858
71001,4.930556520048333,4.382723670078147,2.076040490991281
71101,4.930652834218666,4.383484790569783,2.077749399477502
71201,4.930748881594438,4.384244036403492,2.079456311586965
71301,4.930844663282666,4.385001414496746,2.081161230815932
71401,4.930940180384249,4.385756931733026,2.082864160652505
71501,4.931035433994014,4.386510594962025,2.08456510457665
71601,4.931130425200755,4.387262410999865,2.086264066060221
71701,4.931225155087276,4.388012386629295,2.087961048566986
71801,4.931319624730429,4.388760528599895,2.089656055552645
71901,4.931413835201163,4.389506843628283,2.091349090464861
72001,4.931507787564554,4.390251338398312,2.093040156743275
72101,4.931601482879851,4.390994019561273,2.094729257819536
72201,4.931694922200516,4.391734893736086,2.096416397117322
72301,4.931788106574262,4.392473967509508,2.098101578052362
72401,4.931881037043092,4.393211247436318,2.099784804032459
72501,4.931973714643338,4.393946740039515,2.101466078457516
72601,4.932066140405701,4.394680451810511,2.103145404719556
72701,4.932158315355287,4.39541238920932,2.104822786202743
72801,4.932250240511646,4.396142558664751,2.106498226283413
72901,4.93234191688881,4.396870966574589,2.108171728330085
73001,4.932433345495332,4.397597619305792,2.109843295703493
73101,4.932524527334314,4.398322523194667,2.111512931756605
73201,4.932615463403458,4.39904568454706,2.113180639834643
73301,4.932706154695092,4.39976710963854,2.114846423275111
73401,4.932796602196207,4.400486804714571,2.116510285407812
73501,4.932886806888498,4.401204775990707,2.118172229554873
73601,4.932976769748395,4.401921029652756,2.119832259030766
73701,4.933066491747098,4.402635571856967,2.121490377142331
73801,4.933155973850617,4.403348408730206,2.123146587188796
73901,4.933245217019799,4.404059546370126,2.124800892461803
74001,4.93333422221037,4.404768990845347,2.126453296245424
74101,4.933422990372964,4.405476748195622,2.128103801816187
74201,4.933511522453159,4.406182824432014,2.129752412443097
74301,4.933599819391508,4.406887225537063,2.131399131387657
74401,4.933687882123579,4.407589957464959,2.133043961903888
74501,4.933775711579979,4.408291026141702,2.134686907238354
74601,4.933863308686393,4.408990437465278,2.136327970630179
74701,4.933950674363615,4.409688197305817,2.137967155311074
74801,4.934037809527579,4.41038431150576,2.139604464505352
74901,4.934124715089393,4.411078785880025,2.141239901429952
75001,4.934211391955369,4.411771626216162,2.142873469294461
75101,4.934297841027056,4.412462838274521,2.144505171301135
75201,4.934384063201271,4.413152427788406,2.146135010644917
75301,4.934470059370126,4.413840400464238,2.147762990513459
75401,4.934555830421068,4.41452676198171,2.149389114087149
75501,4.934641377236899,4.415211517993941,2.151013384539119
75601,4.934726700695814,4.415894674127639,2.152635805035279
75701,4.934811801671425,4.416576235983244,2.154256378734327
75801,4.934896681032799,4.417256209135092,2.155875108787777
75901,4.934981339644478,4.417934599131558,2.157491998339975
76001,4.935065778366515,4.418611411495215,2.159107050528122
76101,4.9351499980545,4.419286651722977,2.160720268482291
76201,4.935233999559591,4.419960325286249,2.162331655325452
76301,4.935317783728542,4.420632437631082,2.163941214173487
76401,4.935401351403729,4.421302994178308,2.165548948135215
76501,4.935484703423182,4.421972000323696,2.167154860312406
76601,4.93556784062061,4.42263946143809,2.168758953799808
76701,4.935650763825433,4.423305382867556,2.170361231685163
76801,4.935733473862804,4.423969769933526,2.171961697049225
76901,4.935815971553639,4.424632627932935,2.173560352965783
77001,4.935898257714645,4.425293962138366,2.175157202501681
77101,4.935980333158346,4.425953777798188,2.176752248716834
77201,4.936062198693111,4.426612080136696,2.178345494664252
77301,4.936143855123179,4.427268874354246,2.179936943390054
77401,4.936225303248683,4.427924165627395,2.181526597933495
77501,4.936306543865683,4.428577959109038,2.183114461326979
77601,4.936387577766187,4.42923025992854,2.184700536596078
77701,4.936468405738173,4.429881073191869,2.186284826759556
77801,4.936549028565627,4.430530403981731,2.187867334829388
77901,4.936629447028555,4.431178257357709,2.189448063810771
78001,4.936709661903014,4.431824638356383,2.191027016702153
78101,4.936789673961139,4.432469551991464,2.192604196495247
78201,4.936869483971162,4.433113003253931,2.19417960617505
78301,4.936949092697444,4.433754997112151,2.195753248719861
78401,4.937028500900492,4.434395538512008,2.197325127101306
78501,4.93710770933699,4.435034632377035,2.198895244284346
78601,4.937186718759815,4.435672283608537,2.200463603227305
78701,4.937265529918069,4.436308497085715,2.202030206881886
78801,4.937344143557098,4.436943277665792,2.203595058193187
78901,4.937422560418518,4.437576630184138,2.20515816009972
79001,4.937500781240234,4.438208559454388,2.206719515533432
79101,4.93757880675647,4.438839070268571,2.208279127419724
79201,4.937656637697784,4.439468167397226,2.209836998677463
79301,4.937734274791098,4.440095855589523,2.211393132219006
79401,4.937811718759717,4.440722139573382,2.212947530950218
79501,4.937888970323351,4.441347024055597,2.214500197770486
79601,4.937966030198137,4.441970513721945,2.216051135572742
79701,4.938042899096666,4.442592613237311,2.217600347243477
79801,4.938119577727998,4.443213327245799,2.219147835662761
79901,4.938196066797691,4.443832660370852,2.22069360370426
80001,4.938272367007815,4.444450617215364,2.222237654235254
80101,4.938348479056978,4.445067202361794,2.223779990116657
80201,4.938424403640349,4.44568242037228,2.225320614203029
80301,4.938500141449675,4.446296275788751,2.226859529342599
80401,4.938575693173303,4.446908773133041,2.228396738377282
80501,4.938651059496203,4.447519916906995,2.229932244142692
80601,4.938726241099987,4.448129711592587,2.231466049468164
80701,4.938801238662929,4.448738161652022,2.232998157176773
80801,4.93887605285999,4.449345271527847,2.234528570085343
80901,4.938950684362828,4.449951045643062,2.236057291004472
81001,4.939025133839831,4.450555488401227,2.237584322738548
81101,4.939099401956128,4.451158604186562,2.239109668085764
81201,4.939173489373609,4.451760397364064,2.240633329838136
81301,4.939247396750951,4.452360872279603,2.242155310781518
81401,4.939321124743632,4.45296003326003,2.243675613695625
81501,4.939394674003951,4.453557884613283,2.245194241354042
81601,4.939468045181052,4.454154430628487,2.246711196524248
81701,4.939541238920932,4.454749675576057,2.248226481967628
81801,4.939614255866475,4.455343623707803,2.249740100439491
81901,4.939687096657459,4.455936279257027,2.251252054689089
82001,4.93975976193058,4.456527646438626,2.252762347459629
82101,4.939832252319467,4.457117729449191,2.254270981488295
82201,4.939904568454706,4.45770653246711,2.255777959506259
82301,4.939976710963854,4.458294059652658,2.257283284238704
82401,4.940048680471457,4.458880315148105,2.258786958404833
82501,4.940120477599071,4.459465303077804,2.260288984717892
82601,4.940192102965276,4.460049027548298,2.261789365885182
82701,4.940263557185697,4.460631492648407,2.263288104608075
82801,4.940334840873021,4.461212702449327,2.264785203582037
82901,4.940405954637013,4.461792661004726,2.266280665496635
83001,4.940476899084535,4.462371372350836,2.267774493035557
83101,4.940547674819562,4.462948840506547,2.269266688876631
83201,4.940618282443202,4.463525069473503,2.270757255691836
83301,4.940688722553706,4.464100063236192,2.272246196147321
83401,4.940758995746496,4.464673825762037,2.273733512903419
83501,4.94082910261417,4.465246361001486,2.275219208614667
83601,4.940899043746528,4.46581767288811,2.276703285929815
83701,4.940968819730582,4.466387765338683,2.278185747491848
83801,4.941038431150576,4.46695664225328,2.279666595937998
83901,4.941107878588003,4.467524307515362,2.281145833899761
84001,4.941177162621616,4.468090764991862,2.282623464002913
84101,4.941246283827453,4.468656018533278,2.284099488867524
84201,4.94131524277884,4.469220071973758,2.285573911107975
84301,4.941384040046424,4.469782929131187,2.287046733332972
84401,4.941452676198171,4.470344593807269,2.288517958145563
84501,4.941521151799394,4.470905069787621,2.289987588143154
84601,4.941589467412763,4.471464360841852,2.29145562591752
84701,4.941657623598324,4.472022470723646,2.292922074054824
84801,4.941725620913509,4.472579403170853,2.294386935135632
84901,4.941793459913156,4.473135161905565,2.295850211734928
85001,4.941861141149522,4.473689750634204,2.297311906422128
85101,4.941928665172298,4.474243173047602,2.298772021761093
85201,4.941996032528625,4.474795432821084,2.300230560310149
85301,4.942063243763108,4.475346533614547,2.301687524622102
85401,4.942130299417831,4.475896479072547,2.303142917244243
85501,4.94219720003237,4.476445272824368,2.304596740718379
85601,4.942263946143809,4.476992918484116,2.306048997580832
85701,4.942330538286756,4.477539419650787,2.307499690362464
85801,4.942396976993352,4.478084779908352,2.308948821588689
85901,4.942463262793294,4.478629002825831,2.310396393779484
86001,4.942529396213836,4.479172091957375,2.311842409449412
86101,4.942595377779819,4.479714050842343,2.313286871107624
86201,4.94266120801367,4.480254883005374,2.314729781257888
86301,4.942726887435425,4.480794591956469,2.316171142398591
86401,4.94279241656274,4.481333181191067,2.317610957022763
86501,4.942857795910903,4.481870654190113,2.319049227618082
86601,4.942923025992854,4.482407014420141,2.320485956666899
86701,4.942988107319187,4.482942265333348,2.321921146646242
86801,4.943053040398173,4.483476410367661,2.323354800027837
86901,4.943117825735771,4.484009452946822,2.32478691927812
87001,4.943182463835639,4.484541396480449,2.326217506858252
87101,4.943246955199147,4.485072244364115,2.32764656522413
87201,4.943311300325393,4.485601999979424,2.329074096826406
87301,4.943375499711215,4.486130666694073,2.330500104110496
87401,4.943439553851201,4.486658247861931,2.331924589516598
87501,4.943503463237703,4.487184746823109,2.333347555479704
87601,4.943567228360854,4.487710166904027,2.334769004429614
87701,4.943630849708571,4.488234511417488,2.336188938790949
87801,4.943694327766579,4.488757783662743,2.337607360983168
87901,4.943757663018414,4.489279986925568,2.339024273420578
88001,4.943820855945439,4.489801124478322,2.340439678512348
88101,4.943883907026857,4.490321199580024,2.341853578662527
88201,4.943946816739722,4.490840215476421,2.343265976270052
88301,4.944009585558952,4.491358175400047,2.344676873728764
88401,4.944072213957338,4.491875082570299,2.346086273427423
88501,4.94413470240556,4.492390940193501,2.34749417774972
88601,4.944197051372194,4.492905751462967,2.348900589074289
88701,4.944259261323731,4.493419519559072,2.350305509774723
88801,4.94432133272458,4.493932247649315,2.351708942219586
88901,4.944383266037085,4.494443938888383,2.353110888772426
89001,4.944445061721536,4.494954596418218,2.354511351791789
89101,4.944506720236179,4.495464223368079,2.355910333631234
89201,4.944568242037228,4.495972822854608,2.357307836639341
89301,4.944629627578875,4.496480397981894,2.35870386315973
89401,4.944690877313304,4.496986951841531,2.360098415531069
89501,4.944751991690699,4.497492487512688,2.361491496087092
89601,4.944812971159259,4.497997008062168,2.362883107156608
89701,4.944873816165202,4.498500516544468,2.364273251063516
89801,4.944934527152784,4.499003016001843,2.365661930126817
89901,4.944995104564306,4.49950450946437,2.367049146660628
90001,4.945055548840123,4.500004999950001,2.368434902974195
90101,4.945115860418657,4.500504490464631,2.369819201371902
90201,4.945176039736406,4.501002984002156,2.371202044153291
90301,4.94523608722796,4.501500483544531,2.372583433613066
90401,4.945296003326003,4.501996992061832,2.373963372041113
90501,4.945355788461328,4.502492512512314,2.37534186172251
90601,4.945415443062849,4.502987047842467,2.37671890493754
90701,4.945474967557606,4.50348060098708,2.378094503961699
90801,4.945534362370781,4.503973174869297,2.379468661065717
90901,4.945593627925703,4.50446477240067,2.380841378515566
91001,4.945652764643863,4.504955396481223,2.382212658572468
91101,4.945711772944919,4.505445049999505,2.383582503492917
91201,4.945770653246711,4.505933735832651,2.384950915528684
91301,4.945829405965266,4.506421456846428,2.386317896926832
91401,4.94588803151481,4.506908215895306,2.387683449929729
91501,4.94594653030778,4.507394015822504,2.389047576775056
91601,4.946004902754829,4.507878859460044,2.390410279695826
91701,4.94606314926484,4.508362749628814,2.391771560920391
91801,4.946121270244933,4.508845689138614,2.393131422672457
91901,4.946179266100473,4.509327680788216,2.394489867171093
92001,4.946237137235084,4.509808727365418,2.395846896630747
92101,4.946294884050655,4.510288831647094,2.397202513261253
92201,4.94635250694735,4.510767996399252,2.39855671926785
92301,4.946410006323619,4.511246224377084,2.399909516851186
92401,4.946467382576204,4.511723518325017,2.401260908207338
92501,4.946524636100149,4.512199880976771,2.402610895527816
92601,4.946581767288811,4.512675315055409,2.40395948099958
92701,4.946638776533868,4.513149823273386,2.40530666680505
92801,4.946695664225328,4.513623408332604,2.406652455122121
92901,4.946752430751536,4.514096072924461,2.407996848124167
93001,4.946809076499187,4.514567819729906,2.409339847980062
93101,4.946865601853328,4.515038651419482,2.410681456854185
93201,4.946922007197376,4.515508570653386,2.412021676906434
93301,4.946978292913118,4.515977580081509,2.413360510292239
93401,4.947034459380727,4.516445682343498,2.414697959162569
93501,4.947090506978762,4.516912880068792,2.41603402566395
93601,4.947146436084185,4.51737917587668,2.417368711938471
93701,4.947202247072365,4.517844572376351,2.418702020123799
93801,4.947257940317085,4.518309072166935,2.420033952353187
93901,4.947313516190556,4.518772677837557,2.421364510755489
94001,4.94736897506342,4.519235391967385,2.422693697455168
94101,4.94742431730476,4.519697217125676,2.42402151457231
94201,4.947479543282109,4.520158155871824,2.425347964222635
94301,4.947534653361455,4.52061821075541,2.426673048517507
94401,4.947589647907255,4.521077384316242,2.427996769563943
94501,4.947644527282437,4.521535679084411,2.42931912946463
94601,4.947699291848411,4.521993097580329,2.430640130317933
94701,4.947753941965079,4.522449642314782,2.431959774217903
94801,4.947808477990835,4.522905315788972,2.433278063254296
94901,4.947862900282583,4.523360120494562,2.434594999512573
95001,4.947917209195738,4.523814058913725,2.435910585073922
95101,4.947971405084234,4.524267133519187,2.437224822015264
95201,4.948025488300537,4.52471934677427,2.43853771240926
95301,4.948079459195647,4.525170701132943,2.43984925832433
95401,4.948133318119107,4.525621199039857,2.441159461824658
95501,4.948187065419011,4.526070842930398,2.442468324970205
95601,4.948240701442014,4.526519635230727,2.443775849816719
95701,4.948294226533335,4.52696757835782,2.445082038415746
95801,4.948347641036766,4.527414674719521,2.446386892814643
95901,4.948400945294682,4.527860926714573,2.447690415056585
96001,4.948454139648045,4.528306336732673,2.448992607180576
96101,4.948507224436412,4.528750907154503,2.450293471221463
96201,4.948560199997942,4.529194640351786,2.451593009209943
96301,4.948613066669408,4.529637538687313,2.452891223172577
96401,4.948665824786193,4.530079604514995,2.454188115131797
96501,4.948718474682311,4.530520840179904,2.455483687105918
96601,4.948771016690403,4.530961248018311,2.45677794110915
96701,4.948823451141749,4.531400830357729,2.458070879151605
96801,4.948875778366275,4.531839589516952,2.459362503239313
96901,4.948927998692557,4.532277527806102,2.460652815374224
97001,4.948980112447832,4.532714647526658,2.461941817554226
97101,4.949032119958003,4.533150950971513,2.463229511773152
97201,4.949084021547642,4.533586440424996,2.464515900020791
97301,4.949135817540005,4.534021118162925,2.465800984282898
97401,4.94918750825703,4.53445498645264,2.467084766541203
97501,4.94923909401935,4.534888047553046,2.468367248773424
97601,4.949290575146296,4.535320303714649,2.469648432953274
97701,4.949341951955907,4.535751757179599,2.470928321050475
97801,4.949393224764932,4.536182410181723,2.472206915030763
97901,4.949444393888839,4.536612264946571,2.473484216855903
98001,4.949495459641822,4.537041323691447,2.474760228483694
98101,4.949546422336808,4.537469588625452,2.476034951867986
98201,4.949597282285461,4.53789706194952,2.477308388958683
98301,4.949648039798189,4.538323745856456,2.478580541701756
98401,4.949698695184154,4.538749642530973,2.479851412039254
98501,4.949749248751269,4.539174754149731,2.48112100190931
98601,4.949799700806217,4.539599082881373,2.482389313246157
98701,4.949850051654447,4.54002263088656,2.483656347980131
98801,4.949900301600184,4.540445400318012,2.484922108037686
98901,4.949950450946437,4.540867393320539,2.486186595341401
99001,4.950000499994999,4.541288612031082,2.487449811809991
99101,4.950050449046463,4.541709058578748,2.488711759358316
99201,4.950100298400216,4.542128735084844,2.48997243989739
99301,4.950150048354453,4.542547643662912,2.491231855334394
99401,4.950199699206183,4.542965786418771,2.49249000757268
99501,4.950249251251232,4.543383165450544,2.493746898511787
99601,4.950298704784247,4.543799782848696,2.495002530047445
99701,4.950348060098708,4.544215640696073,2.496256904071587
99801,4.95039731748693,4.544630741067932,2.49751002247236
99901,4.950446477240067,4.545045086031974,2.498761887134131
